Id,LotArea,BedroomAbvGr,FullBath,HalfBath,SalePrice
1461,11622,2,1,0,133504.18106582758
1462,14267,3,1,1,164074.90932509588
1463,13830,3,2,1,241463.34847791385
1464,9978,3,2,1,235181.10615988716
1465,5005,2,2,0,200813.63332212297
1466,10000,3,2,1,235216.98604851557
1467,7980,3,2,0,195395.44349142452
1468,8402,3,2,1,232610.80141087106
1469,10176,2,1,1,167673.0102599174
1470,8400,2,1,0,128249.40828579591
1471,5858,2,2,0,202204.79445848765
1472,1680,2,1,1,153816.84963324174
1473,1680,3,1,1,143546.72031756683
1474,2280,3,2,1,222626.40694800517
1475,2280,2,1,0,118268.27563098716
1476,12858,3,2,1,239878.1097621501
1477,12883,3,2,0,203391.7659434715
1478,11520,3,2,0,201168.8437525394
1479,14122,3,2,0,205412.45603486168
1480,14300,3,2,1,242229.8733713387
1481,13650,3,2,1,241169.7857527724
1482,7132,2,2,0,204282.56619087758
1483,18494,3,2,0,212542.7684477414
1484,3203,2,2,0,197874.7442626515
1485,13300,3,2,1,240598.96934277518
1486,8577,3,2,1,232896.20961586968
1487,17433,4,2,1,237069.3663771533
1488,8987,2,2,0,207307.8931638629
1489,9215,2,2,0,207679.73928237538
1490,10440,2,2,0,209677.5967173657
1491,11920,3,2,1,238348.32178335753
1492,9800,2,1,0,130532.67392578482
1493,15410,3,2,0,207513.0604236515
1494,13143,4,2,1,230072.7880946158
1495,11134,4,2,1,226796.3019012317
1496,4835,2,2,0,200536.37963726718
1497,3515,2,2,1,234910.70273895602
1498,3215,2,2,1,234421.43153038697
1499,2544,2,2,1,233327.09492722084
1500,2544,2,2,1,233327.09492722084
1501,2980,2,2,1,234038.16908367453
1502,2403,2,2,1,233097.13745919339
1503,12853,1,1,1,182309.06966005688
1504,7379,3,2,1,230942.3865896506
1505,8000,3,2,0,195428.0615719958
1506,10456,4,2,0,189163.43255047288
1507,10791,4,2,1,226236.9018194344
1508,18837,3,3,0,291203.31274283887
1509,9600,4,1,2,182720.46732750774
1510,9600,3,1,1,156463.48022378993
1511,9900,3,1,0,120425.63501296628
1512,9680,3,2,0,198167.98033998252
1513,10600,3,2,0,199668.41204626096
1514,13260,6,2,0,173196.2288152152
1515,9724,3,2,0,198239.7401172393
1516,17360,3,2,0,210693.32327935036
1517,11380,2,1,0,133109.5022909152
1518,8267,4,2,0,185593.38363194733
1519,8197,3,2,0,195749.3496656228
1520,8050,3,1,0,117408.46256012376
1521,10725,3,1,0,121771.13083653119
1522,10032,3,1,1,157168.03076412936
1523,8382,3,1,0,117949.92269760685
1524,10950,2,1,0,132408.21355863288
1525,10895,3,1,0,122048.38452138698
1526,13587,2,1,0,136708.9074819549
1527,7898,2,1,0,127430.69446345701
1528,8064,3,1,0,117431.29521652365
1529,7635,3,1,1,153258.7538076626
1530,9760,2,1,0,130467.4377646423
1531,4800,3,1,0,112108.02446729231
1532,4485,2,1,0,121864.41901396972
1533,5805,3,1,0,113747.08301599865
1534,6900,3,1,0,115532.92292727571
1535,11851,3,1,0,123607.52877269371
1536,8239,3,1,0,117716.70342152227
1537,9656,2,1,0,130297.82374567169
1538,9600,3,2,0,198037.50801769743
1539,9000,3,3,0,275160.10981385957
1540,9045,4,2,0,186862.22696616978
1541,10560,2,1,1,168299.2774068858
1542,5830,3,1,1,150314.97203610546
1543,7793,3,1,1,153516.43664417564
1544,5000,2,1,0,122704.33458867992
1545,6000,2,1,0,124335.23861724345
1546,6000,3,1,1,150592.22572096123
1547,6360,3,1,1,151179.3511712441
1548,6000,3,1,1,150592.22572096123
1549,6240,2,1,0,124726.65558409868
1550,6240,4,2,0,182287.54116604908
1551,6120,2,1,0,124530.94710067107
1552,8094,4,1,1,143737.20944109838
1553,12900,3,1,1,161845.46351804957
1554,3068,3,1,0,109283.2986898203
1555,15263,3,2,0,207273.31753145266
1556,10632,3,1,1,158146.57318126748
1557,9900,3,1,0,120425.63501296628
1558,6001,3,1,0,114066.7402055971
1559,6449,4,1,1,141054.3723141114
1560,6048,2,2,0,202514.6662239147
1561,10773,4,2,0,189680.42912752755
1562,7800,3,1,0,117000.73655298288
1563,7832,2,1,0,127323.05479757182
1564,7424,3,1,0,116387.51663824299
1565,11227,4,1,1,148846.83176258788
1566,20062,1,1,1,194066.2568019713
1567,9259,2,1,0,129650.35484633196
1568,17082,4,2,1,236496.9190631275
1569,18600,4,2,0,202445.5149590942
1570,11479,3,1,0,123000.83247406807
1571,9350,3,1,0,119528.63779725634
1572,9525,3,1,0,119814.04600225495
1573,17485,1,1,0,153336.3007009704
1574,11200,3,2,0,200646.95446339907
1575,11980,1,1,1,180885.29044312093
1576,12361,3,2,1,239067.55045995404
1577,7360,2,2,0,204654.41230939006
1578,14235,3,2,0,205596.74819008936
1579,11105,2,1,0,132661.00368306023
1580,9337,3,2,1,234135.69667757794
1581,15240,3,1,1,165661.7789448882
1582,7480,3,1,0,116478.84726384256
1583,10389,3,2,1,235851.40771562676
1584,9375,4,2,1,223927.54171498845
1585,4435,1,1,0,132053.00312821643
1586,8777,2,1,0,128864.25910456435
1587,8842,3,1,0,118700.13855074607
1588,10044,3,1,0,120660.48519307942
1589,11792,2,1,0,133781.43475068337
1590,6305,3,1,0,114562.53503028041
1591,6410,3,1,0,114733.77995327959
1592,4853,2,2,0,200565.7359097813
1593,7890,2,1,0,127417.6472312285
1594,7200,6,3,0,241414.0946154205
1595,9839,3,1,0,120326.1498672239
1596,10452,4,1,1,147582.88114045115
1597,15600,5,2,1,223809.7899771215
1598,19645,3,2,1,250947.05540401072
1599,3907,1,1,0,131191.88580113492
1600,3907,2,2,0,199022.90069876023
1601,8154,1,1,0,138118.33521044417
1602,9140,2,1,0,129456.27726693291
1603,8712,3,1,0,118488.12102703282
1604,3811,2,2,0,198866.33391201813
1605,11050,3,2,1,236929.43527850727
1606,9620,3,2,0,198070.1260982687
1607,12760,5,3,0,260752.05032990858
1608,11896,3,2,0,201782.0636672793
1609,9803,2,2,0,208638.71085117073
1610,9802,3,2,1,234894.06705085997
1611,15300,2,1,0,139502.6460828842
1612,10114,3,2,0,198875.7926883791
1613,11875,3,2,0,201747.81468267945
1614,2394,2,1,0,118454.19869024339
1615,1476,3,1,1,143214.0158957399
1616,1900,3,1,1,143905.51920385082
1617,1890,3,1,1,143889.21016356518
1618,6953,3,1,0,115619.36084078958
1619,12887,2,1,0,135567.27466196043
1620,7700,4,4,2,413925.1823131377
1621,10475,3,1,1,157890.521248783
1622,10544,5,2,0,179036.82278931158
1623,9892,3,2,1,235040.8484134307
1624,12961,3,2,1,240046.09287709216
1625,13008,2,1,0,135764.61404941662
1626,10200,4,2,0,188745.92111916063
1627,10179,3,2,1,235508.91786962844
1628,11792,4,2,1,227869.43675202646
1629,8400,3,2,1,232607.53960281392
1630,7296,1,2,0,214820.16376723687
1631,7380,2,2,0,204687.03038996132
1632,8013,2,2,0,205719.39264004203
1633,8923,3,2,1,233460.50240975266
1634,7500,3,2,1,231139.72597710678
1635,8803,3,2,1,233264.79392632504
1636,7250,3,2,0,194204.88355057317
1637,11900,3,2,1,238315.70370278627
1638,13250,4,2,1,230247.29482567208
1639,10928,3,2,0,200203.3485676298
1640,12388,4,2,1,228841.45555305033
1641,11088,3,2,0,200464.29321219996
1642,7000,3,2,1,230324.273962825
1643,7500,3,2,1,231139.72597710678
1644,8470,3,2,1,232721.70288481336
1645,9373,3,2,0,197667.29280321352
1646,10140,3,2,0,198918.19619312172
1647,11050,3,2,0,200402.31885911454
1648,7830,2,1,1,163846.9094089074
1649,8510,3,1,1,154685.7948326557
1650,7038,3,1,0,115757.98768321748
1651,9000,3,1,0,118957.8213872591
1652,1680,2,1,1,153816.84963324174
1653,1680,2,1,1,153816.84963324174
1654,2308,3,2,1,222672.07226080497
1655,2280,2,2,0,196369.41984428736
1656,2349,3,2,1,222738.93932597607
1657,2364,3,2,1,222763.4028864045
1658,2364,3,2,1,222763.4028864045
1659,2104,2,1,0,117981.23652195997
1660,10710,3,1,0,121746.66727610273
1661,14257,4,3,1,309990.7593957358
1662,12350,3,2,1,239049.61051563983
1663,12350,3,2,0,202522.4940962471
1664,13693,2,2,1,251510.04394167554
1665,11578,3,2,0,201263.43618619608
1666,16870,3,2,0,209894.18030535424
1667,23303,5,2,1,236372.64370914627
1668,10367,3,2,0,199288.41140760566
1669,10872,2,2,0,210382.14725770516
1670,13514,3,2,0,204420.86638549506
1671,12878,3,2,0,203383.61142332866
1672,15274,3,2,0,207291.25747576685
1673,13262,4,3,1,308368.0098873151
1674,9658,3,2,0,198132.1004513541
1675,6904,2,2,0,203910.7200723651
1676,5122,1,2,0,211274.5784091398
1677,10307,2,2,0,209460.68648156675
1678,14836,2,2,1,253374.16724632363
1679,15262,3,2,1,243798.8030468168
1680,7390,2,2,0,204703.33943024697
1681,6472,2,2,0,203206.16953202564
1682,16770,3,2,0,209731.0899024979
1683,3480,2,2,0,198326.5046785636
1684,10928,3,2,1,236730.4649870225
1685,8918,3,2,1,233452.34788960984
1686,3182,2,2,0,197840.49527805168
1687,9434,3,2,1,234293.8943683486
1688,7984,3,2,1,231929.0835269315
1689,10125,3,2,1,235420.849052086
1690,8965,3,2,1,233529.00037895233
1691,8174,3,2,1,232238.9552923586
1692,12891,4,2,1,229661.8002794178
1693,9734,3,2,1,234783.16557691767
1694,8433,3,2,1,232661.35943575652
1695,7750,3,2,1,231547.45198424763
1696,15896,4,2,1,234562.66688525118
1697,7848,3,2,1,231707.28057904687
1698,12720,4,2,1,229382.91569053344
1699,10750,3,2,0,199913.0476505455
1700,9085,3,2,1,233724.70886237995
1701,11692,3,2,1,237976.47566484503
1702,11194,3,2,0,200637.16903922768
1703,10206,3,2,1,235552.95227839967
1704,10130,3,2,0,198901.8871528361
1705,9139,3,2,0,197285.66126052965
1706,11128,2,2,0,210799.6586890174
1707,7993,3,2,0,195416.64524379585
1708,8640,3,2,0,196471.84015027646
1709,12606,3,2,0,202940.00552755938
1710,7500,2,2,0,204882.73887338897
1711,10603,3,2,1,236200.42117773936
1712,8125,3,2,0,195631.92457556623
1713,10625,3,2,0,199709.18464697505
1714,8736,3,2,0,196628.40693701856
1715,8127,3,2,1,232162.3028030161
1716,9605,3,1,1,156471.63474393275
1717,7500,3,1,1,153038.58176380652
1718,7500,3,1,1,153038.58176380652
1719,10628,3,2,1,236241.19377845345
1720,10141,3,2,0,198919.8270971503
1721,13072,3,1,1,162125.97901096247
1722,13072,3,1,1,162125.97901096247
1723,12450,3,2,0,202685.58449910345
1724,7328,2,2,0,204602.22338047603
1725,11492,4,2,1,227380.16554345743
1726,7703,3,2,1,231470.79949490516
1727,7175,2,2,0,204352.69506410582
1728,9109,3,2,1,233763.85055906547
1729,10274,3,2,1,235663.85375234197
1730,8250,4,2,0,185565.65826346178
1731,9750,3,1,0,120180.99940868175
1732,8499,3,1,0,118140.73846894878
1733,9079,2,1,0,129356.79212119052
1734,9316,3,2,0,197574.33127358538
1735,7791,3,1,0,116986.0584167258
1736,7150,3,1,0,115940.64893441659
1737,15676,2,2,0,218217.01021092432
1738,11949,3,2,1,238395.61800018587
1739,2880,3,2,1,223604.9493651433
1740,3830,2,2,1,235424.43750795352
1741,4217,1,1,1,168224.58246938232
1742,2998,2,2,1,234067.52535618868
1743,3768,3,2,1,225053.1921425077
1744,14694,2,2,0,216615.46245487494
1745,15417,2,1,1,176220.57827361883
1746,9600,4,2,1,224294.49512141524
1747,12732,3,2,1,239672.6158545511
1748,10400,5,2,1,215329.08902859114
1749,9600,3,2,0,198037.50801769743
1750,9000,3,1,0,118957.8213872591
1751,13774,4,1,2,189527.86074273186
1752,7130,2,1,0,126178.16016952024
1753,9600,3,1,1,156463.48022378993
1754,9600,4,2,1,224294.49512141524
1755,16500,3,2,0,209290.74581478574
1756,7436,2,1,0,126677.21680226066
1757,8125,3,1,0,117530.78036226603
1758,9450,3,1,0,119691.72820011269
1759,13495,3,2,0,204389.87920895233
1760,9350,3,1,1,156055.75421664905
1761,10500,3,1,1,157931.2938494971
1762,8970,4,2,1,223267.0255834202
1763,11475,4,1,0,112724.17954227891
1764,9768,2,1,0,130480.4849968708
1765,9900,2,1,0,130695.76432864118
1766,10573,3,2,0,199624.37763748973
1767,14695,2,2,0,216617.09335890348
1768,8760,3,1,0,118566.40442040387
1769,12285,3,1,1,160842.45754048298
1770,9240,3,2,0,197450.38256741458
1771,8750,3,1,0,118550.09538011822
1772,8750,3,1,0,118550.09538011822
1773,10400,3,1,0,121241.08702724804
1774,9482,4,2,0,187574.93202665204
1775,8128,3,1,0,117535.67307435171
1776,13070,2,1,0,135865.73009918755
1777,8480,2,1,0,128379.88060808097
1778,7626,2,1,0,126987.08856768772
1779,9533,2,1,1,166624.33896955109
1780,11419,3,1,1,159430.09465174697
1781,9600,3,1,0,119936.36380439722
1782,5470,2,1,0,123470.85948210477
1783,10800,4,2,0,189724.46353629875
1784,8146,2,1,0,127835.15866254078
1785,10230,3,1,0,120963.83334239223
1786,10410,3,2,0,199358.54028083387
1787,7200,4,2,0,183853.20903347008
1788,5400,2,1,0,123356.69620010533
1789,10800,2,1,0,132163.57795434835
1790,10800,1,1,1,178960.82368941596
1791,9671,6,2,2,240397.14709548614
1792,10143,3,1,1,157349.0611112999
1793,11500,3,1,0,123035.0814586679
1794,8010,2,1,0,127613.35571465612
1795,10454,3,1,0,121329.15584479047
1796,9000,2,1,0,129227.950702934
1797,8064,3,1,0,117431.29521652365
1798,7350,3,1,0,116266.8297401293
1799,7200,2,1,0,126292.32345151968
1800,8000,3,1,0,117326.91735869559
1801,10800,4,2,0,189724.46353629875
1802,8064,3,1,0,117431.29521652365
1803,7570,4,1,1,142882.61573013107
1804,8604,2,1,0,128582.11270762287
1805,7936,3,1,0,117222.53950086751
1806,4080,3,1,0,110933.77356672658
1807,10307,4,2,0,188920.42785021695
1808,15660,3,1,1,166346.75863688486
1809,9900,3,2,0,198526.7792262665
1810,6406,3,1,1,151254.37275655806
1811,7627,4,2,0,184549.6050536667
1812,10134,3,1,0,120807.26655565013
1813,6000,3,1,1,150592.22572096123
1814,7404,2,1,0,126625.02787334664
1815,5925,1,1,0,134483.0501307761
1816,8520,2,1,0,128445.11676922353
1817,9600,3,2,0,198037.50801769743
1818,8400,3,2,0,196080.4231834212
1819,3600,3,1,0,110150.9396330161
1820,3300,2,1,0,119931.79774012195
1821,5400,3,1,0,113086.56688443043
1822,9720,4,1,0,109861.94297214993
1823,9392,2,1,0,129867.2650821309
1824,6615,3,1,0,115068.1152791351
1825,4960,3,2,0,190470.1133251627
1826,6000,3,1,0,114065.10930156853
1827,6120,2,1,0,124530.94710067107
1828,6120,3,2,0,192361.96199829638
1829,8635,2,1,0,128632.67073250833
1830,8094,3,2,0,195581.36655068077
1831,9928,3,2,0,198572.44453906626
1832,3000,4,2,0,177003.41211350326
1833,6876,4,2,0,183324.7961282155
1834,5775,3,1,0,113698.15589514175
1835,5852,6,2,1,197641.60819100935
1836,5160,3,1,0,112695.14991757518
1837,5160,1,1,0,133235.408548925
1838,10320,3,1,1,157637.73112435566
1839,4280,2,1,0,121530.08368811419
1840,10800,3,3,0,278095.7370652739
1841,10547,2,2,0,209852.103448422
1842,9780,4,2,0,188060.94142716398
1843,11625,3,1,1,159766.06088163104
1844,8014,3,1,0,117349.75001509547
1845,15400,4,2,0,197226.62206769097
1846,15312,3,1,0,129252.08761555205
1847,15584,4,1,1,155952.68061503913
1848,9000,2,1,0,129227.950702934
1849,15635,2,1,0,140048.998932453
1850,9571,2,1,0,130159.19690324378
1851,9350,3,1,1,156055.75421664905
1852,7440,3,1,0,116413.61110270002
1853,4235,2,2,0,199557.83722012906
1854,10778,1,1,1,178924.94380078756
1855,19255,2,1,1,182479.98793524565
1856,10560,3,2,1,236130.29230451112
1857,26400,4,1,0,137065.4221685895
1858,7018,6,2,0,163016.1258689217
1859,7018,4,2,0,183556.38450027152
1860,7040,2,0,2,120984.46743243473
1861,7007,4,2,0,183538.44455595734
1862,11855,6,4,2,400161.3299204693
1863,7939,6,4,2,393774.70974461455
1864,7976,6,4,2,393835.0531936714
1865,10933,1,1,1,179177.7339252149
1866,10816,3,2,0,200020.68731643067
1867,9178,3,2,0,197349.2665176436
1868,11422,3,2,0,201009.01515774016
1869,6762,2,2,0,203679.13170030908
1870,10324,2,2,0,209488.41185005233
1871,11645,3,2,0,201372.70675610984
1872,11646,3,2,1,237901.45407953113
1873,16698,3,2,1,246140.78123183403
1874,9757,3,1,0,120192.4157368817
1875,14753,3,2,0,206441.55647688525
1876,8750,3,2,1,233178.35601281116
1877,10739,3,2,0,199895.10770623127
1878,11166,3,2,0,200591.5037264279
1879,16269,3,1,0,130812.86277088734
1880,6950,2,1,0,125884.5974443788
1881,11664,3,2,0,201403.69393265253
1882,12334,4,2,1,228753.3867355079
1883,8749,3,2,1,233176.7251087826
1884,11250,3,2,1,237255.61608421998
1885,15750,2,2,0,218337.697109038
1886,12782,3,2,0,203227.04463658656
1887,8750,3,2,0,196651.23959341843
1888,10200,3,2,0,199016.05043483555
1889,11069,3,2,1,236960.42245504996
1890,10682,3,1,0,121701.00196330294
1891,3675,2,1,0,120543.38675083328
1892,6410,3,1,0,114733.77995327959
1893,11767,3,1,0,123470.53283429437
1894,10926,6,2,0,169389.69881254793
1895,11767,2,1,0,133740.66214996928
1896,8212,3,1,0,117672.66901275105
1897,6300,3,1,1,151081.4969295303
1898,5707,3,1,1,150114.37084059214
1899,8574,3,1,0,118263.05627109105
1900,7155,3,1,0,115948.80345455941
1901,13680,2,1,1,173387.697976004
1902,14680,2,1,0,138491.4855851748
1903,8145,5,2,1,211651.40044418044
1904,9100,2,1,0,129391.04110579035
1905,13339,3,2,0,204135.45818049644
1906,15600,3,2,0,207822.93218907856
1907,17500,3,1,1,169347.62204944174
1908,1733,2,1,0,117376.1711273629
1909,1488,2,1,1,153503.71605975754
1910,1612,2,1,1,153705.94815929944
1911,13607,3,2,1,241099.6568795442
1912,17597,3,2,0,211079.8475341199
1913,8660,5,2,0,175964.19959949792
1914,10200,2,1,0,131185.03553721023
1915,3843,2,2,0,198918.52284093216
1916,21780,1,1,0,160341.03350365075
1917,10125,3,2,1,235420.849052086
1918,9750,2,1,0,130451.12872435665
1919,9360,2,1,1,166342.19257260958
1920,11070,2,2,0,210705.06625536073
1921,13438,3,2,0,204296.91767932422
1922,14463,3,2,0,205968.59430860184
1923,9839,3,2,1,234954.41049991685
1924,14419,3,2,1,242423.95095073775
1925,9157,3,2,1,233842.1339524365
1926,12633,2,2,0,213254.16925200552
1927,12518,3,1,0,124695.34175974557
1928,13383,3,2,0,204207.21795775322
1929,7689,2,1,0,127089.83552148723
1930,7706,2,1,0,127117.56088997281
1931,7669,2,1,0,127057.21744091596
1932,10429,3,1,1,157815.4996634691
1933,10457,4,1,1,147591.03566059397
1934,8702,3,2,1,233100.07261944012
1935,8139,3,2,1,232181.87365135885
1936,9535,3,2,1,234458.61567523354
1937,15038,3,2,1,243433.4805444186
1938,14137,3,2,0,205436.91959529012
1939,6264,1,1,1,171563.04301585184
1940,5070,2,2,0,200919.6420839796
1941,11184,3,2,1,237147.97641833476
1942,14067,3,2,1,241849.8727326834
1943,5950,2,2,0,202354.8376291155
1944,13543,5,3,1,298556.1646036665
1945,15401,2,2,0,217768.51160306935
1946,31220,3,1,0,155196.50890194054
1947,8118,2,2,0,205890.6375630412
1948,47280,3,2,1,296017.08823336364
1949,12680,2,2,0,213330.821741348
1950,10825,3,2,0,200035.36545268775
1951,18559,3,2,0,212648.77720959802
1952,14450,3,2,0,205947.3925562305
1953,13068,3,2,0,203693.48318875572
1954,10400,3,2,1,235869.34765994098
1955,9743,3,1,1,156696.6994998745
1956,12511,4,2,1,229042.05674856366
1957,10400,2,2,0,209612.36055622317
1958,14311,4,2,1,231977.68399997798
1959,9000,4,2,2,259843.06912366985
1960,10295,2,1,0,131339.97141992376
1961,7560,3,1,0,116609.31958612763
1962,1680,2,1,1,153816.84963324174
1963,1890,2,1,1,154159.3394792401
1964,1680,3,2,1,221647.86453086705
1965,2308,4,2,1,212401.94294513005
1966,2529,2,2,0,196775.5149473997
1967,12704,3,2,0,203099.83412235862
1968,13693,4,2,1,230969.78531032574
1969,14418,2,2,0,216165.3329429914
1970,13418,4,2,1,230521.28670247077
1971,12539,4,2,1,229087.72206136343
1972,12151,3,2,1,238725.0606139557
1973,8899,4,2,1,223151.2313973922
1974,10574,4,2,1,225882.9956452361
1975,12720,1,1,1,182092.15942425793
1976,10845,2,2,0,210338.11284893393
1977,16900,4,2,1,236200.09452992896
1978,16451,4,2,1,235467.8186211039
1979,10110,2,2,0,209139.39838793973
1980,12304,2,2,0,212717.60182660812
1981,8232,2,2,0,206076.56062229746
1982,6240,2,2,0,202827.7997973989
1983,6240,2,2,0,202827.7997973989
1984,2448,2,2,1,233170.52814047874
1985,3940,2,2,0,199076.72053170283
1986,3940,2,2,0,199076.72053170283
1987,3710,2,2,0,198701.6126051332
1988,9024,3,2,1,233625.22371663756
1989,8010,3,2,1,231971.48703167416
1990,8396,4,2,1,222330.88667102475
1991,7301,2,2,0,204558.1889717048
1992,8220,3,2,1,232313.97687767248
1993,7750,3,2,1,231547.45198424763
1994,12460,4,2,1,228958.8806431069
1995,8390,3,2,1,232591.2305625283
1996,9660,3,2,1,234662.47867880398
1997,11000,4,2,1,226577.76076140418
1998,11675,2,2,0,211691.76319264167
1999,10990,4,2,1,226561.45172111853
2000,11929,4,2,1,228092.8706039397
2001,10010,4,2,1,224963.1657731263
2002,13253,3,2,0,203995.20043404
2003,9801,3,3,0,276466.46394073893
2004,9428,3,2,1,234284.10894417722
2005,10037,3,2,0,198750.2130781797
2006,8640,3,2,0,196471.84015027646
2007,10625,3,2,0,199709.18464697505
2008,7500,2,2,0,204882.73887338897
2009,10110,3,2,1,235396.38549165754
2010,12774,3,2,1,239741.11382375078
2011,13072,3,1,0,125598.86259156976
2012,9260,3,2,0,197483.00064798584
2013,8453,3,2,1,232693.9775163278
2014,8480,3,2,1,232738.011925099
2015,14565,3,2,1,242662.06293890803
2016,8450,3,2,1,232689.0848042421
2017,8285,3,2,1,232419.98563952913
2018,9100,3,1,0,119120.91179011545
2019,8100,3,1,0,117490.00776155194
2020,8450,3,1,0,118060.82417154917
2021,6360,3,1,0,114652.23475185141
2022,19508,3,2,0,214196.5051327048
2023,10759,4,2,0,189657.59647112768
2024,9205,4,2,1,223650.28803013265
2025,11025,4,2,1,226618.53336211827
2026,3435,1,2,0,208523.24331295313
2027,3180,2,2,1,234364.34988938723
2028,3180,2,2,0,197837.23346999453
2029,2280,3,2,1,222626.40694800517
2030,4765,2,2,0,200422.2163552677
2031,4538,1,1,1,168748.10266255122
2032,4385,2,1,1,158228.44503050606
2033,4109,2,2,0,199352.34331253005
2034,2160,3,2,1,222430.69846457755
2035,10646,3,2,1,236270.5500509676
2036,2645,3,2,1,223221.68691843087
2037,2645,3,2,1,223221.68691843087
2038,3951,2,2,1,235621.7768954097
2039,11064,1,1,1,179391.38235295675
2040,24572,3,2,2,295509.63597213593
2041,16280,3,3,0,287033.091141802
2042,7500,3,2,1,231139.72597710678
2043,11104,4,2,0,190220.2583609821
2044,11050,4,1,1,148558.16174953213
2045,15387,4,2,0,197205.42031531964
2046,9750,4,2,0,188012.01430630707
2047,8814,4,1,1,144911.4603416641
2048,8125,3,1,0,117530.78036226603
2049,11072,6,2,0,169627.81080071823
2050,13355,4,1,1,152317.39553537103
2051,7785,2,1,0,127246.40230822933
2052,9900,3,1,0,120425.63501296628
2053,11332,3,1,0,122761.08958186924
2054,4882,2,1,0,122511.88791330945
2055,9600,3,2,0,198037.50801769743
2056,9600,3,1,0,119936.36380439722
2057,7584,3,1,0,116648.46128281316
2058,14670,4,2,1,232563.1785462323
2059,8856,3,1,0,118722.97120714595
2060,9840,2,2,0,208699.05430022758
2061,13200,3,1,0,125807.6183072259
2062,10425,3,1,0,121281.85962796213
2063,11556,2,1,0,133396.5413999424
2064,9373,3,1,1,156093.26500930602
2065,12774,2,1,0,135382.98250673275
2066,14250,3,2,0,205621.2117505178
2067,8838,4,2,1,223051.74625164983
2068,12436,5,2,0,182122.49321135378
2069,10122,1,1,0,141327.9543386572
2070,7506,3,1,0,116521.2507685852
2071,5400,2,1,0,123356.69620010533
2072,10836,3,1,0,121952.16118370173
2073,10180,3,1,1,157409.40456035675
2074,11355,3,1,1,159325.71679391892
2075,12929,3,1,0,125365.64331548518
2076,7200,2,1,0,126292.32345151968
2077,8000,3,1,1,153854.03377808828
2078,8000,3,1,0,117326.91735869559
2079,8064,3,2,0,195532.43942982386
2080,6390,2,1,0,124971.29118838321
2081,7200,4,1,0,105752.06482016986
2082,8513,6,2,0,165454.32739162416
2083,7200,3,1,1,152549.31055523746
2084,7200,2,1,0,126292.32345151968
2085,7590,3,1,0,116658.24670698454
2086,9836,3,1,0,120321.25715513821
2087,9184,3,1,0,119257.9077285148
2088,4800,2,1,0,122378.15378296722
2089,4800,2,1,0,122378.15378296722
2090,6000,4,1,1,140322.09640528634
2091,11426,3,2,0,201015.5387738544
2092,7628,2,2,0,205091.4945890451
2093,7308,2,1,0,126468.46108660454
2094,5400,2,1,0,123356.69620010533
2095,10800,3,2,0,199994.59285197366
2096,6756,2,1,0,125568.20206283746
2097,5914,3,1,0,113924.85155511208
2098,9000,3,1,0,118957.8213872591
2099,7311,1,1,0,136743.48311436514
2100,12205,5,2,0,181745.7543807556
2101,9142,4,2,0,187020.42465694045
2102,5350,3,1,0,113005.02168300225
2103,9143,2,1,0,129461.1699790186
2104,9600,4,2,0,187767.37870202254
2105,6000,3,1,1,150592.22572096123
2106,11340,2,1,0,133044.26612977264
2107,10800,5,2,0,179454.33422062386
2108,9750,2,1,0,130451.12872435665
2109,8516,2,1,0,128438.59315310928
2110,7111,2,1,0,126147.17299297752
2111,7425,3,1,1,152916.26396166428
2112,7010,3,2,0,193813.4665837179
2113,5000,3,1,0,112434.20527300502
2114,5870,3,1,1,150380.208197248
2115,6000,3,1,1,150592.22572096123
2116,6000,2,1,0,124335.23861724345
2117,6000,3,2,0,192166.25351486876
2118,6000,2,2,0,202436.38283054368
2119,5000,3,1,0,112434.20527300502
2120,5520,3,1,0,113282.27536785805
2121,5940,2,1,0,124237.38437552963
2122,6240,2,1,0,124726.65558409868
2123,6120,1,1,0,134801.07641634598
2124,6240,4,2,0,182287.54116604908
2125,6120,4,2,0,182091.8326826215
2126,9144,4,2,0,187023.6864649976
2127,8094,5,2,0,175041.10791933097
2128,4347,3,1,0,111369.22494235304
2129,6291,1,1,0,135079.96100523035
2130,10266,4,1,1,147279.53299113835
2131,6876,4,2,0,183324.7961282155
2132,10320,2,2,0,209481.88823393808
2133,7200,2,1,0,126292.32345151968
2134,7006,3,2,0,193806.94296760365
2135,10320,1,1,0,141650.87333631277
2136,10320,3,2,0,199211.75891826316
2137,9488,3,1,0,119753.7025531981
2138,11235,3,1,0,122602.89189109858
2139,13014,3,1,0,125504.27015791308
2140,10265,3,1,0,121020.91498339197
2141,7703,3,1,0,116842.53886221221
2142,9981,3,1,0,120557.73823927992
2143,7400,2,1,0,126618.50425723239
2144,12900,3,1,0,125318.34709865684
2145,9239,3,1,0,119347.60745008578
2146,14175,1,1,0,147938.00836642514
2147,10532,3,2,0,199557.51057231863
2148,8375,2,1,1,164735.75210447452
2149,10200,3,1,0,120914.90622153533
2150,20270,3,2,0,215439.2540024702
2151,5190,2,1,0,123014.20635410701
2152,19550,2,1,0,146433.98820427916
2153,9571,3,1,0,119889.06758756888
2154,9350,2,1,0,129798.76711293124
2155,9360,3,1,1,156072.0632569347
2156,9771,4,2,1,224573.3797102996
2157,9938,3,2,1,235115.86999874463
2158,14171,4,2,1,231749.3574359791
2159,10541,3,2,1,236099.30512796843
2160,10616,3,2,1,236221.6229301107
2161,9345,3,2,0,197621.62749041372
2162,11778,3,2,0,201589.61699190878
2163,11778,3,2,1,238116.7334113015
2164,11454,3,2,0,201061.2040866542
2165,11500,2,2,0,211406.35498764305
2166,9750,3,1,0,120180.99940868175
2167,8696,3,2,0,196563.170775876
2168,13142,3,2,1,240341.28650626214
2169,8998,3,2,1,233582.82021189493
2170,12192,3,2,1,238791.9276791268
2171,12250,3,1,0,124258.25948009055
2172,9216,3,1,1,155837.21307682153
2173,14330,2,2,0,216021.8133884778
2174,10400,3,2,1,235869.34765994098
2175,9720,3,2,1,234760.33292051777
2176,14860,3,2,0,206616.06320794157
2177,10905,4,2,1,226422.82487869065
2178,11690,3,2,1,237973.21385678792
2179,4426,1,1,0,132038.32499195938
2180,10126,2,2,0,209165.49285239677
2181,9750,3,2,0,198282.14362198196
2182,11058,3,2,0,200415.36609134305
2183,9627,3,2,0,198081.54242646866
2184,9825,3,1,0,120303.31721082401
2185,12102,3,1,0,124016.88568386315
2186,6500,3,1,1,151407.677735243
2187,9638,3,1,0,119998.33815748263
2188,7200,3,1,1,152549.31055523746
2189,47007,5,3,1,353132.73701551626
2190,6012,2,2,0,202455.95367888644
2191,6845,2,2,0,203814.49673467985
2192,6931,2,1,0,125853.61026783608
2193,12180,2,1,1,170941.34193315872
2194,8050,4,1,1,143665.44966384157
2195,9520,2,1,0,130076.02079778706
2196,7692,3,1,0,116824.59891789802
2197,5142,3,1,1,149192.91006445375
2198,7290,2,2,0,204540.24902739062
2199,7804,4,2,2,257892.50790550784
2200,8969,2,1,0,129177.39267804855
2201,15564,3,1,0,129663.07543075006
2202,7609,3,2,0,194790.37809682745
2203,9650,4,1,0,109747.77969015049
2204,11700,4,2,0,191192.27716200592
2205,9260,3,1,0,119381.85643468561
2206,7801,2,1,0,127272.49677268634
2207,9670,4,1,1,146307.51419011448
2208,12392,3,2,1,239118.1084848395
2209,26073,3,2,1,261430.50649961704
2210,1879,2,1,0,117614.28311553318
2211,7000,2,1,0,125966.14264580698
2212,6000,3,1,0,114065.10930156853
2213,8155,4,1,0,107309.57816744802
2214,6000,3,1,1,150592.22572096123
2215,7392,2,1,0,126605.45702500388
2216,9000,4,2,0,186788.83628488443
2217,14584,2,1,0,138334.9187984327
2218,5280,2,1,0,123160.98771667772
2219,5150,2,1,0,122948.97019296445
2220,9000,3,1,1,155484.9378066518
2221,3843,2,2,0,198918.52284093216
2222,3811,2,2,0,198866.33391201813
2223,23730,3,3,0,299183.32615460025
2224,11050,3,2,1,236929.43527850727
2225,10260,4,2,2,261898.00819965985
2226,9990,3,2,0,198673.5605888372
2227,4084,2,2,0,199311.57071181596
2228,11563,3,2,0,201238.9726257676
2229,12852,3,2,1,239868.32433797873
2230,9802,3,2,1,234894.06705085997
2231,12018,3,2,1,238508.15037815674
2232,12890,3,2,0,203403.18227167142
2233,18265,3,2,0,212169.29142520035
2234,11202,3,2,0,200650.2162714562
2235,7915,3,2,0,195289.4347295679
2236,11449,3,2,0,201053.04956651138
2237,11447,3,2,1,237576.90417784697
2238,8940,2,2,0,207231.24067452044
2239,9278,2,1,0,129681.34202287468
2240,4500,2,2,0,199990.02678769839
2241,14137,3,1,0,127335.77538198992
2242,4224,3,1,0,111168.62374683973
2243,2665,4,2,0,176457.0592639345
2244,1974,2,1,0,117769.21899824671
2245,1596,1,1,0,127422.8665911246
2246,17979,3,1,0,133601.70865973097
2247,1477,3,2,1,221316.79101306867
2248,6490,2,1,0,125134.38159123957
2249,6600,3,1,0,115043.65171870665
2250,12395,3,1,0,124494.74056423226
2251,56600,4,2,0,264419.86804450804
2252,10667,3,2,0,199777.68261617472
2253,8872,3,2,1,233377.32630429592
2254,10147,3,2,1,235456.7289407144
2255,8637,3,2,1,232994.06385758347
2256,7875,3,2,1,231751.31498781807
2257,7500,5,3,1,288700.61155905714
2258,9556,3,2,0,197965.74824044065
2259,7655,3,2,1,231392.5161015341
2260,18160,3,1,0,133896.90228890098
2261,4740,2,2,0,200381.44375455362
2262,5118,1,1,0,133166.91057972534
2263,12328,4,3,1,306844.74552463676
2264,51974,4,2,1,293402.4224277659
2265,41600,3,1,1,208652.40913782263
2266,8035,2,2,0,205755.27252867044
2267,14082,1,1,1,184313.45071116145
2268,13870,3,2,0,205001.46821966366
2269,10960,3,2,0,200255.5374965438
2270,12090,3,2,1,238625.57546821333
2271,12299,3,2,0,202439.31799079038
2272,11339,4,2,1,227130.6372270872
2273,11850,3,2,0,201707.04208196537
2274,10400,2,2,0,209612.36055622317
2275,13001,2,2,0,213854.34193451688
2276,8991,3,2,0,197044.28746430224
2277,8000,4,2,1,221685.0486757136
2278,9457,3,1,0,119703.14452831264
2279,7920,3,1,0,117196.4450364105
2280,17199,2,1,0,142599.73283312633
2281,4113,2,2,0,199358.8669286443
2282,10943,2,2,0,210497.94144373317
2283,2205,3,1,1,144402.9449325627
2284,2058,4,1,1,133893.07272468894
2285,2304,2,2,0,196408.5615409729
2286,7150,3,1,0,115940.64893441659
2287,12469,3,2,0,202716.57167564618
2288,11825,3,2,0,201666.26948125128
2289,14333,2,2,1,252553.8225199562
2290,13641,3,2,1,241155.10761651534
2291,13440,4,2,1,230557.16659109917
2292,15431,2,2,1,254344.55514331892
2293,13891,3,2,0,205035.7172042635
2294,13654,4,2,1,230906.18005321175
2295,17169,2,2,1,257179.06634496234
2296,16659,3,2,1,246077.17597472004
2297,9709,3,2,1,234742.39297620358
2298,13615,3,2,1,241112.7041117727
2299,13069,5,2,1,219681.9718808272
2300,14277,3,2,1,242192.36257868176
2301,12568,3,2,1,239405.14759386668
2302,9926,3,2,0,198569.18273100915
2303,9254,3,2,0,197473.21522381445
2304,10732,3,2,1,236410.80779742406
2305,3901,1,1,1,167709.21679635625
2306,3903,1,1,1,167712.47860441337
2307,6289,2,2,0,202907.71409479852
2308,4590,2,2,0,200136.8081502691
2309,7841,2,2,0,205438.87714712913
2310,6240,2,2,0,202827.7997973989
2311,3242,2,2,0,197938.34951976547
2312,15810,3,3,0,286266.5662483771
2313,10237,3,2,1,235603.51030328512
2314,13204,3,2,0,203915.28613664035
2315,8857,3,2,1,233352.86274386744
2316,9729,3,2,1,234775.01105677485
2317,12216,3,2,0,202303.9529564196
2318,8229,3,2,1,232328.65501392956
2319,7713,3,2,1,231487.10853519078
2320,7697,3,2,0,194933.89765134105
2321,3621,2,2,0,198556.46214659105
2322,3710,2,2,0,198701.6126051332
2323,16219,2,2,0,219102.5910984343
2324,11084,3,2,1,236984.88601547843
2325,10936,3,2,1,236743.51221925102
2326,11950,3,2,1,238397.24890421444
2327,7875,4,2,1,221481.18567214315
2328,8740,4,2,1,222891.91765685062
2329,9487,3,2,1,234380.33228186247
2330,9649,3,2,1,234644.53873448976
2331,12191,4,2,1,228520.16745942333
2332,10557,4,2,1,225855.27027675053
2333,11002,4,2,1,226581.0225694613
2334,10790,4,2,1,226235.27091540582
2335,11762,4,2,1,227820.50963116958
2336,9044,4,2,1,223387.71248153393
2337,9910,3,2,0,198543.08826655213
2338,11830,3,2,0,201674.42400139407
2339,10612,3,2,0,199687.98289460372
2340,12291,1,2,0,222966.52938991168
2341,9965,3,3,2,349788.1650402087
2342,8847,3,2,0,196809.4372841891
2343,8251,3,2,0,195837.41848316524
2344,9605,3,2,1,234572.77895723298
2345,8778,3,2,1,233224.02132561093
2346,8640,3,2,0,196471.84015027646
2347,9000,3,2,0,197058.9656005593
2348,8640,3,2,1,232998.9565696692
2349,10411,3,3,0,277461.3153981627
2350,12217,3,2,1,238832.70027984088
2351,10440,2,2,0,209677.5967173657
2352,11824,2,2,0,211934.76789289762
2353,10625,4,2,1,225966.17175069285
2354,7500,3,1,1,153038.58176380652
2355,7500,3,1,1,153038.58176380652
2356,12450,3,1,0,124584.44028580326
2357,7441,3,2,0,194516.3862200288
2358,11613,3,2,1,237847.6342465885
2359,8012,2,1,1,164143.73394210596
2360,6285,2,1,0,124800.04626538407
2361,7476,3,1,1,152999.440067121
2362,19522,3,2,1,250746.45420849742
2363,10751,2,1,0,132083.66365694875
2364,12712,2,1,0,135281.8664569618
2365,4379,2,2,0,199792.6874002422
2366,3523,2,2,0,198396.63355179183
2367,3784,2,2,0,198822.2995032469
2368,3606,2,2,0,198531.9985861626
2369,5330,2,2,1,237870.79355079881
2370,2280,3,2,1,222626.40694800517
2371,2117,3,2,1,222360.5695913493
2372,7321,3,2,0,194320.67773660115
2373,8010,3,2,1,231971.48703167416
2374,8413,3,2,1,232628.74135518525
2375,9466,1,1,1,176785.19771531224
2376,12000,3,2,1,238478.7941056426
2377,17778,2,2,0,221645.17047896484
2378,11700,3,1,1,159888.37868377334
2379,8000,4,2,1,221685.0486757136
2380,8723,3,1,0,118506.060971347
2381,11700,3,1,1,159888.37868377334
2382,11358,3,2,0,200904.6372999121
2383,9547,2,2,0,208221.1994198585
2384,10530,3,2,1,236081.36518365424
2385,10738,3,2,0,199893.47680220273
2386,10800,3,1,0,121893.44863867344
2387,8050,3,1,0,117408.46256012376
2388,10899,2,2,0,210426.18166647636
2389,7450,2,1,0,126700.04945866056
2390,14357,2,1,0,137964.7035839488
2391,8243,3,1,0,117723.22703763652
2392,8680,3,1,0,118435.93209811878
2393,8800,3,2,0,196732.7847948466
2394,9200,3,2,0,197385.14640627202
2395,8800,5,2,1,212719.6425828895
2396,11382,3,1,0,122842.63478329741
2397,22002,3,1,1,176689.95198603472
2398,12172,2,1,0,134401.17828153752
2399,5000,2,1,0,122704.33458867992
2400,3500,2,1,0,120257.97854583466
2401,5175,2,1,0,122989.74279367854
2402,9600,2,1,0,130206.49312007212
2403,8668,4,2,0,186247.37614740134
2404,10050,3,2,0,198771.41483055102
2405,9600,3,1,0,119936.36380439722
2406,8760,2,1,0,128836.53373607877
2407,6860,3,1,0,115467.68676613316
2408,8250,3,1,0,117734.64336583647
2409,9100,3,1,0,119120.91179011545
2410,9736,4,1,0,109888.03743660696
2411,9770,2,1,0,130483.74680492791
2412,12198,3,1,0,124173.45247060525
2413,10050,3,1,0,120670.2706172508
2414,11556,3,1,1,159653.52850366017
2415,8078,4,2,0,185285.14277054887
2416,10950,2,1,0,132408.21355863288
2417,7942,3,1,0,117232.3249250389
2418,8540,3,1,0,118207.60553411988
2419,7150,4,1,0,105670.51961874169
2420,8400,3,1,0,117979.278970121
2421,9532,3,1,0,119825.4623304549
2422,15783,2,1,0,140290.37272868038
2423,14190,3,2,0,205523.35750880398
2424,12099,3,1,0,124011.99297177745
2425,21281,4,3,1,321446.22929236596
2426,10284,1,2,0,219693.3050045847
2427,10800,3,1,1,158420.56505806616
2428,10090,4,2,0,188566.52167601863
2429,8700,3,1,0,118468.55017869006
2430,8300,3,1,0,117816.18856726465
2431,7200,3,1,1,152549.31055523746
2432,7500,3,1,0,116511.46534441382
2433,7315,3,1,0,116209.74809912957
2434,7903,3,1,1,153695.8360873176
2435,8000,3,1,0,117326.91735869559
2436,7000,3,1,0,115696.01333013206
2437,6600,2,1,0,125313.78103438157
2438,6760,3,1,0,115304.59636327683
2439,6978,2,1,0,125930.26275717857
2440,6000,3,1,0,114065.10930156853
2441,4480,2,1,0,121856.2644938269
2442,3153,2,1,0,119692.05484792311
2443,7200,2,1,0,126292.32345151968
2444,9000,2,1,0,129227.950702934
2445,5925,3,1,0,113942.79149942628
2446,9639,4,2,1,224358.10037852923
2447,10337,3,2,1,235766.60070614147
2448,9863,4,1,1,146622.27866762725
2449,4571,3,1,0,111734.54744475127
2450,8398,3,2,0,196077.16137536408
2451,3600,3,1,1,146678.05605240882
2452,13500,3,2,0,204398.03372909516
2453,8626,2,1,0,128617.99259625125
2454,11800,1,2,0,222165.755511887
2455,6854,1,1,0,135998.1599733116
2456,8674,3,1,0,118426.1466739474
2457,6125,3,2,0,192370.1165184392
2458,6000,3,1,1,150592.22572096123
2459,6120,2,1,0,124530.94710067107
2460,6240,3,1,1,150983.6426878165
2461,6240,4,1,0,104186.39695274888
2462,6240,3,1,0,114456.52626842378
2463,6120,2,1,0,124530.94710067107
2464,7755,4,2,1,221285.47718871554
2465,8850,3,1,0,118713.18578297457
2466,8550,4,1,0,107953.78525873063
2467,5700,3,1,1,150102.9545123922
2468,5680,3,2,0,191644.36422572844
2469,5680,2,1,0,123813.34932810313
2470,13200,5,3,0,261469.64810247652
2471,9780,4,1,1,146486.91363325645
2472,10320,3,1,1,157637.73112435566
2473,4330,3,2,0,189442.64378716768
2474,10320,3,2,0,199211.75891826316
2475,12888,3,1,1,161825.89266970678
2476,4484,2,1,0,121862.78810994115
2477,11235,3,1,0,122602.89189109858
2478,11235,2,1,0,132873.0212067735
2479,14299,3,1,0,127599.98183461721
2480,14149,3,2,0,205456.49044363288
2481,11677,3,1,0,123323.75147172365
2482,8425,2,1,0,128290.18088651
2483,8665,3,1,0,118411.46853769032
2484,8398,2,1,0,128246.14647773877
2485,8169,3,1,0,117602.54013952281
2486,14175,3,1,0,127397.74973507533
2487,16779,4,3,0,277576.78293638024
2488,6960,2,1,1,162428.02290405714
2489,11375,3,1,0,122831.21845509746
2490,13770,3,1,0,126737.2336035071
2491,9000,3,1,0,118957.8213872591
2492,11075,3,2,0,200443.09145982863
2493,17541,3,2,0,210988.51690852037
2494,22692,3,2,0,219389.30355965105
2495,17808,2,1,0,143592.95338652152
2496,12671,4,3,0,270877.02918704133
2497,10512,3,1,1,157950.86469783986
2498,5400,3,1,0,113086.56688443043
2499,11515,3,1,0,123059.54501909636
2500,3869,2,2,0,198960.92634567482
2501,9280,4,1,0,109144.34519958199
2502,11100,4,1,0,112112.59053156759
2503,7550,4,2,0,184424.0254434673
2504,23920,4,2,0,211121.92439105213
2505,9317,3,2,1,234103.07859700668
2506,9178,3,2,0,197349.2665176436
2507,10481,3,2,1,236001.4508862546
2508,10235,3,2,0,199073.13207583528
2509,11750,3,2,0,201543.951679109
2510,8760,3,2,0,196667.54863370408
2511,7242,2,2,0,204461.96563401955
2512,9316,3,2,1,234101.4476929781
2513,8883,3,2,1,233395.2662486101
2514,20064,0,0,1,126238.50371240312
2515,14217,3,1,0,127466.247704275
2516,10021,3,2,1,235251.2350331154
2517,8428,3,1,0,118024.94428292077
2518,16561,3,1,1,167816.2031666206
2519,10820,3,2,1,236554.32735193765
2520,12352,3,2,1,239052.87232369697
2521,9543,3,2,1,234471.66290746204
2522,8826,3,2,1,233302.304718982
2523,11800,3,1,0,123524.35266723696
2524,8660,3,2,0,196504.45823084773
2525,9720,3,2,0,198233.21650112505
2526,8982,3,1,1,155455.58153413766
2527,16300,3,1,0,130863.4207957728
2528,9675,3,1,0,120058.68160653948
2529,7200,3,1,0,116022.19413584477
2530,7200,3,1,0,116022.19413584477
2531,11354,3,2,0,200898.11368379786
2532,8749,3,2,1,233176.7251087826
2533,8158,3,2,1,232212.86082790155
2534,11927,3,2,0,201832.62169216474
2535,12728,4,2,1,229395.96292276194
2536,15295,3,2,1,243852.6228797594
2537,17227,1,1,1,189442.6438809937
2538,8145,3,2,1,232191.65907553025
2539,8769,2,2,0,206952.35608563607
2540,8334,3,2,0,195972.783517536
2541,8333,3,2,1,232498.26903290016
2542,9045,3,2,1,233659.4727012374
2543,9825,2,1,0,130573.44652649891
2544,8308,2,1,0,128099.36511516807
2545,16287,3,1,0,130842.21904340148
2546,8240,2,1,0,127988.46364122574
2547,6285,3,1,0,114529.91694970915
2548,9555,5,2,1,213950.97512445497
2549,7023,3,2,1,230361.78475548196
2550,39290,2,2,1,293256.294360816
2551,3675,2,1,0,120543.38675083328
2552,6400,2,1,0,124987.60022866886
2553,6882,2,2,0,203874.8401837367
2554,8741,4,2,0,186366.43214148644
2555,10042,2,1,0,130927.3527006972
2556,8172,2,1,0,127877.56216728341
2557,8172,3,1,0,117607.43285160851
2558,10890,6,2,0,169330.98626751965
2559,7223,3,1,0,116059.70492850173
2560,6821,2,2,0,203775.35503799433
2561,4000,2,1,0,121073.4305601164
2562,6720,3,1,0,115239.36020213428
2563,7155,3,1,0,115948.80345455941
2564,7230,4,2,1,220429.25257371968
2565,13108,2,1,1,172454.82087166567
2566,7810,4,2,0,184848.06049089384
2567,6221,3,2,0,192526.6833051813
2568,25485,3,1,1,182370.39071752148
2569,21579,3,2,0,217574.10737585986
2570,1782,2,1,0,117456.08542476251
2571,17871,4,2,0,201256.5859222714
2572,3907,1,1,0,131191.88580113492
2573,20693,3,2,0,216129.1264065526
2574,18044,2,2,1,258606.10736995543
2575,7000,3,1,0,115696.01333013206
2576,7288,3,2,0,194266.85790365856
2577,9060,3,2,0,197156.81984227314
2578,3672,2,1,0,120538.49403874757
2579,11067,1,1,0,142869.15864564973
2580,8250,4,2,0,185565.65826346178
2581,6565,3,1,0,114986.57007770693
2582,6060,2,1,0,124433.09285895727
2583,5568,2,2,0,201731.83229020424
2584,12150,2,2,0,212466.4426062093
2585,10000,3,2,0,198689.86962912284
2586,12864,1,1,1,182327.0096043711
2587,9928,3,2,0,198572.44453906626
2588,8750,3,1,0,118550.09538011822
2589,8410,2,1,0,128265.71732608153
2590,4054,2,2,0,199262.64359095905
2591,19958,4,2,1,241187.3990492762
2592,8368,3,2,0,196028.23425450717
2593,8298,2,2,0,206184.20028818265
2594,10331,3,2,0,199229.69886257735
2595,6718,2,2,0,203607.37192305227
2596,11305,2,2,0,211088.32870207314
2597,7777,3,2,0,195064.36997362613
2598,11800,5,3,1,295713.4988818803
2599,12633,3,2,0,202984.0399363306
2600,43500,2,1,0,185494.13968837552
2601,6710,0,0,1,104459.41131496587
2602,1504,3,1,1,143259.68120853964
2603,1533,2,1,0,117049.9903216502
2604,1495,3,1,1,143245.0030722826
2605,1890,3,1,1,143889.21016356518
2606,9129,1,1,0,139708.4666382936
2607,15957,3,2,0,208405.16492727573
2608,33983,3,1,1,196229.8131522543
2609,8286,3,1,1,154320.47233025747
2610,6723,2,1,0,125514.38222989487
2611,27697,3,1,0,149450.83400931128
2612,11000,3,1,1,158746.74586377887
2613,11625,2,1,0,133509.07377791326
2614,10447,3,1,0,121317.73951659052
2615,11027,2,2,0,210634.93738213248
2616,10533,2,1,0,131728.1265787219
2617,11765,3,1,1,159994.38744562995
2618,39384,1,1,1,225578.58444187566
2619,11727,3,2,0,201506.44088645204
2620,8238,3,2,1,232343.33315018663
2621,13041,3,2,1,240176.56519937725
2622,9783,3,2,1,234863.07987431728
2623,13128,4,2,1,230048.32453418736
2624,13751,3,2,1,241334.50705965734
2625,13108,4,2,1,230015.70645361606
2626,8076,3,2,0,195552.01027816662
2627,3701,2,2,0,198686.93446887613
2628,16023,3,3,1,323141.0652258538
2629,18062,5,3,1,305926.21990874514
2630,12292,4,2,1,228684.88876630823
2631,16052,4,2,1,234817.08791370707
2632,15922,4,3,1,312706.21460329404
2633,8147,2,2,0,205937.93377986955
2634,18261,3,2,1,248689.88422847883
2635,10464,2,1,0,131615.59420075102
2636,10530,4,2,1,225811.23586797933
2637,9927,2,1,0,130739.7987374124
2638,9512,3,2,1,234421.10488257656
2639,10530,3,3,0,277655.39297756174
2640,10000,3,2,0,198689.86962912284
2641,7200,3,1,0,116022.19413584477
2642,8773,2,2,0,206958.87970175032
2643,2760,3,1,1,145308.09666841544
2644,2160,3,1,1,144329.55425127732
2645,1890,3,1,1,143889.21016356518
2646,1680,2,1,1,153816.84963324174
2647,1680,3,1,1,143546.72031756683
2648,4043,2,2,0,199244.70364664486
2649,7514,3,1,0,116534.29800081371
2650,2280,2,2,0,196369.41984428736
2651,2179,3,2,1,222461.68564112028
2652,16387,4,2,1,235363.44076327587
2653,16163,2,2,0,219011.26047283475
2654,12228,4,2,0,192053.39448908748
2655,14780,2,2,0,216755.7202013314
2656,13975,4,2,1,231429.70024638064
2657,9942,3,2,1,235122.39361485888
2658,12867,3,2,1,239892.78789840717
2659,10672,4,2,1,226042.82424003535
2660,11643,4,2,1,227626.4320517705
2661,13758,2,2,0,215088.93628413946
2662,14828,2,2,0,216834.00359470243
2663,13215,3,2,1,240460.3425003473
2664,5911,2,2,0,202291.2323720015
2665,7740,1,2,0,215544.2851559191
2666,6373,2,2,0,203044.71003319786
2667,10237,3,2,1,235603.51030328512
2668,10237,3,2,1,235603.51030328512
2669,11660,3,2,0,201397.17031653828
2670,11631,4,2,1,227606.86120342775
2671,9073,3,2,1,233705.1380140372
2672,3087,2,2,0,197685.55939533812
2673,2938,2,2,0,197442.55469508216
2674,3072,2,2,0,197661.09583490968
2675,3010,2,2,0,197559.97978513874
2676,9171,3,2,1,233864.9666088364
2677,8658,3,2,1,233028.3128421833
2678,12104,4,3,1,306479.42302223854
2679,9660,3,2,1,234662.47867880398
2680,9545,3,2,1,234474.92471551916
2681,9233,4,2,1,223695.95334293242
2682,10019,4,2,1,224977.84390938334
2683,17242,4,3,1,314859.0079209979
2684,10236,4,2,1,225331.75008358163
2685,12585,3,2,1,239432.87296235227
2686,12447,3,2,1,239207.8082064105
2687,15218,2,2,1,253997.17258523492
2688,10936,3,2,0,200216.3957998583
2689,8640,2,2,0,206741.96946595138
2690,13162,3,3,1,318475.04880013363
2691,8125,3,2,1,232159.04099495895
2692,7733,3,1,1,153418.58240246185
2693,11024,3,2,0,200359.9153543719
2694,13072,3,1,1,162125.97901096247
2695,7800,3,2,1,231628.9971856758
2696,7632,3,2,1,231355.00530887715
2697,8304,3,2,1,232450.97281607182
2698,9370,3,2,1,234189.51651052054
2699,7175,2,2,0,204352.69506410582
2700,7175,2,2,0,204352.69506410582
2701,9019,3,2,1,233617.06919649476
2702,9100,3,1,0,119120.91179011545
2703,8927,4,2,0,186669.78029079927
2704,9240,2,1,0,129619.36766978927
2705,9308,3,1,0,119460.13982805666
2706,8450,3,1,0,118060.82417154917
2707,8638,2,1,0,128637.56344459401
2708,13052,3,1,1,162093.3609303912
2709,8020,3,1,0,117359.53543926685
2710,8789,3,1,0,118613.7006372322
2711,14330,3,2,0,205751.6840728029
2712,11025,3,2,1,236888.66267779318
2713,3628,1,1,1,167263.9799965584
2714,2544,2,2,1,233327.09492722084
2715,2998,2,2,1,234067.52535618868
2716,4447,2,2,1,236430.70529357722
2717,8314,3,2,1,232467.28185635747
2718,7180,3,2,0,194090.7202685737
2719,13110,2,2,0,214032.1104736303
2720,10140,3,2,0,198918.19619312172
2721,9600,3,1,0,119936.36380439722
2722,8640,4,1,1,144627.68304069404
2723,9360,2,1,0,129815.07615321688
2724,8400,3,1,0,117979.278970121
2725,9759,3,1,0,120195.67754493882
2726,9600,3,1,0,119936.36380439722
2727,8800,3,2,0,196732.7847948466
2728,10368,3,1,1,157716.01451772673
2729,9350,4,1,1,145785.62490097416
2730,10800,3,1,0,121893.44863867344
2731,8550,2,1,0,128494.04389008044
2732,9724,2,1,0,130408.72521961402
2733,9600,3,1,0,119936.36380439722
2734,10858,2,1,0,132258.17038800503
2735,9600,3,1,0,119936.36380439722
2736,9462,3,1,1,156238.41546784816
2737,9888,2,1,0,130676.19348029842
2738,8917,4,2,0,186653.47125051363
2739,12700,3,1,0,124992.16629294414
2740,9723,2,1,0,130407.09431558545
2741,8400,3,1,1,154506.3953895137
2742,9610,3,1,1,156479.78926407557
2743,10000,3,1,0,120588.72541582263
2744,10152,3,1,0,120836.62282816428
2745,8092,3,1,0,117476.96052932343
2746,12778,2,1,0,135389.506122847
2747,10170,2,1,1,167663.22483574605
2748,7700,3,1,0,116837.64615012653
2749,11050,2,1,0,132571.30396148923
2750,13600,3,1,1,162987.09633804404
2751,15428,2,1,0,139711.40179854032
2752,21299,3,1,1,175543.42645395457
2753,13300,2,1,0,136240.83802575717
2754,22136,5,2,1,234469.37870781266
2755,7500,3,1,1,153038.58176380652
2756,10410,2,1,0,131527.5253832086
2757,10914,2,1,0,132349.5010136046
2758,7008,1,1,0,136249.3191937104
2759,7200,3,2,0,194123.338349145
2760,10818,4,1,1,148179.7920149054
2761,10184,3,1,0,120888.8117570783
2762,9510,3,1,1,156316.69886121922
2763,10800,3,2,0,199994.59285197366
2764,11650,2,2,0,211650.99059192758
2765,18275,3,3,0,290286.74467878626
2766,12144,3,1,1,160612.50007245553
2767,8544,2,2,0,206585.40267920928
2768,8512,4,2,0,185992.9551189454
2769,7000,3,1,0,115696.01333013206
2770,7400,3,1,0,116348.37494155747
2771,7000,3,1,0,115696.01333013206
2772,7000,3,1,0,115696.01333013206
2773,9856,5,2,0,177914.7608176599
2774,9600,3,1,0,119936.36380439722
2775,5520,4,1,0,103012.14605218315
2776,9600,3,1,0,119936.36380439722
2777,6451,4,1,0,104530.51770277579
2778,3960,2,1,0,121008.19439897386
2779,7745,4,2,0,184742.0517290372
2780,7741,2,1,0,127174.64253097255
2781,5633,2,1,0,123736.69683876063
2782,7200,2,1,0,126292.32345151968
2783,7614,2,1,0,126967.51771934496
2784,6000,3,1,0,114065.10930156853
2785,6000,5,1,1,130051.96708961144
2786,7830,1,1,0,137589.9223051896
2787,9576,3,1,1,156424.3385271044
2788,5747,2,1,0,123922.61989801688
2789,6300,5,2,0,172115.26609208802
2790,5976,2,2,0,202397.24113385816
2791,9750,3,1,0,120180.99940868175
2792,4761,2,1,0,122314.54852585326
2793,11737,2,1,0,133691.73502911237
2794,6120,3,1,0,114260.81778499616
2795,6120,3,1,0,114260.81778499616
2796,11672,2,1,0,133585.72626725576
2797,33120,5,2,0,215856.11213816167
2798,10320,3,2,0,199211.75891826316
2799,7518,3,1,0,116540.82161692796
2800,9000,2,1,0,129227.950702934
2801,7200,3,1,0,116022.19413584477
2802,12375,3,1,0,124462.12248366099
2803,11136,4,2,0,190272.4472898961
2804,21370,3,1,0,139132.10422058986
2805,8250,2,1,0,128004.77268151139
2806,5220,2,1,0,123063.13347496389
2807,5500,2,2,0,201620.9308162619
2808,11327,3,1,0,122752.93506172643
2809,10366,2,1,0,131455.76560595178
2810,9000,3,1,0,118957.8213872591
2811,9535,3,1,1,156357.47146193328
2812,7176,3,1,0,115983.05243915925
2813,9662,6,2,0,167328.23612044365
2814,8235,6,2,0,165000.9360716835
2815,17529,2,1,0,143137.9311625523
2816,20355,2,1,0,147746.8659472728
2817,13050,1,1,0,146103.24133429118
2818,10820,2,1,0,132196.19603491962
2819,1700,2,2,1,231950.61192711323
2820,9375,3,1,1,156096.52681736313
2821,6488,3,1,0,114860.99046750754
2822,19950,4,2,0,204647.23539765496
2823,19800,5,3,1,308760.73111038853
2824,11679,3,2,0,201428.157493081
2825,12048,3,1,0,123928.81686632072
2826,10519,3,1,0,121435.1646066471
2827,9525,5,1,1,135800.90379029786
2828,12128,4,2,1,228417.42050562383
2829,9069,2,2,0,207441.62729420513
2830,11003,3,2,1,236852.78278916478
2831,7488,2,2,0,204863.16802504618
2832,13377,3,2,0,204197.43253358186
2833,11645,2,2,1,248169.95249117745
2834,10984,3,2,1,236821.79561262208
2835,9316,3,2,0,197574.33127358538
2836,9316,3,2,1,234101.4476929781
2837,12000,3,2,0,201951.67768624987
2838,13015,3,1,1,162033.01748133433
2839,12438,3,2,1,239193.13007015342
2840,8685,3,2,0,196545.2308315618
2841,9272,3,2,1,234029.68791572133
2842,13426,3,2,1,240804.4632503742
2843,8340,3,1,1,154408.54114779987
2844,10385,3,2,0,199317.7676801198
2845,7200,3,1,0,116022.19413584477
2846,9930,3,2,1,235102.82276651612
2847,9468,3,2,1,234349.34510531978
2848,11088,1,1,1,179430.52404964226
2849,8726,4,2,1,222869.08500045072
2850,10566,3,2,1,236140.07772868252
2851,21533,4,2,1,243756.07289426375
2852,11250,3,2,1,237255.61608421998
2853,11250,4,2,1,226985.48676854506
2854,4435,1,1,0,132053.00312821643
2855,8810,3,2,0,196749.09383513225
2856,8581,3,2,1,232902.73323198393
2857,8400,3,2,1,232607.53960281392
2858,8772,3,2,0,196687.11948204684
2859,8777,3,2,0,196695.27400218966
2860,7840,4,2,0,184896.98761175072
2861,16133,2,1,0,140861.1891386776
2862,7162,3,2,1,230588.4804154523
2863,8050,2,1,0,127678.59187579868
2864,11060,3,2,1,236945.7443187929
2865,3675,2,1,0,120543.38675083328
2866,2522,3,2,0,186493.96930352482
2867,6956,3,1,0,115624.25355287526
2868,7822,3,2,0,195137.7606549115
2869,8707,4,1,1,144736.9536106078
2870,16012,3,2,0,208494.86464884673
2871,8248,3,1,0,117731.38155777934
2872,8088,1,1,0,138010.69554455898
2873,11388,3,1,0,122852.4202074688
2874,10890,3,2,0,200141.37421454437
2875,6430,3,1,0,114766.39803385086
2876,7000,3,1,0,115696.01333013206
2877,4899,3,1,0,112269.48396612011
2878,9399,4,1,1,145865.53919837376
2879,10164,3,2,0,198957.33788980727
2880,6191,4,1,0,104106.48265534927
2881,21780,3,1,1,176327.8912916936
2882,12400,2,1,1,171300.1408194427
2883,8170,4,2,0,185435.18594117672
2884,12320,3,1,1,160899.5391814827
2885,14210,3,1,1,163981.94779546774
2886,15600,4,2,0,197552.80287340368
2887,7288,2,1,0,126435.84300603328
2888,7000,3,1,0,115696.01333013206
2889,8534,2,1,0,128467.9494256234
2890,7030,2,1,0,126015.06976666389
2891,9060,4,2,0,186886.69052659825
2892,12366,2,1,0,134717.57366307883
2893,9000,4,2,0,186788.83628488443
2894,8520,2,1,0,128445.11676922353
2895,5748,2,2,0,202025.39501534565
2896,3842,2,2,0,198916.8919369036
2897,23580,3,2,0,220837.54633701546
2898,8385,4,2,0,185785.83030731784
2899,9116,3,2,0,197248.15046787268
2900,11080,3,2,0,200451.24597997146
2901,50102,2,1,0,196261.3680849519
2902,8098,2,2,0,205858.01948246994
2903,13618,3,2,0,204590.48040446566
2904,11577,3,2,0,201261.8052821675
2905,31250,3,1,1,191772.55244219018
2906,7020,2,2,0,204099.90493967847
2907,2665,3,1,1,145153.1607857019
2908,10172,3,1,0,120869.24090873555
2909,11836,4,2,0,191414.08010989058
2910,1470,1,1,0,127217.37268352561
2911,1484,3,1,1,143227.0631279684
2912,13384,3,1,0,126107.70464848158
2913,1533,3,1,1,143306.977425368
2914,1526,3,1,1,143295.56109716807
2915,1936,3,1,1,143964.2317488791
2916,1894,3,1,1,143895.73377967943
2917,20000,4,1,0,126627.63638578294
2918,10441,3,1,0,121307.95409241914
2919,9627,3,2,1,234608.65884586138
